{"indexes":[{"v":{"$numberInt":"2"},"key":{"_id":{"$numberInt":"1"}},"name":"_id_"},{"v":{"$numberInt":"2"},"key":{"biblio.publisher":{"$numberInt":"1"}},"name":"biblio.publisher_1"},{"v":{"$numberInt":"2"},"key":{"hash":{"$numberInt":"1"},"timestamp":{"$numberInt":"1"}},"name":"hash_1_timestamp_1"},{"v":{"$numberInt":"2"},"key":{"hash":{"$numberInt":"1"}},"name":"hash_1"},{"v":{"$numberInt":"2"},"key":{"_fts":"text","_ftsx":{"$numberInt":"1"}},"name":"type_text_status_text","weights":{"status":{"$numberInt":"1"},"type":{"$numberInt":"1"}},"default_language":"english","language_override":"language","textIndexVersion":{"$numberInt":"3"}},{"v":{"$numberInt":"2"},"key":{"timestamp":{"$numberInt":"1"}},"name":"timestamp_1"},{"v":{"$numberInt":"2"},"key":{"biblio.year":{"$numberInt":"1"}},"name":"biblio.year_1"},{"v":{"$numberInt":"2"},"key":{"biblio.journal":{"$numberInt":"1"}},"name":"biblio.journal_1"}],"uuid":"d625ab152a364a238ef201a207f05634","collectionName":"document","type":"collection"}