{"indexes":[{"v":{"$numberInt":"2"},"key":{"_id":{"$numberInt":"1"}},"name":"_id_"},{"v":{"$numberInt":"2"},"key":{"hash":{"$numberInt":"1"}},"name":"hash_1"},{"v":{"$numberInt":"2"},"key":{"_fts":"text","_ftsx":{"$numberInt":"1"}},"name":"type_text_status_text","weights":{"status":{"$numberInt":"1"},"type":{"$numberInt":"1"}},"default_language":"english","language_override":"language","textIndexVersion":{"$numberInt":"3"}},{"v":{"$numberInt":"2"},"key":{"hash":{"$numberInt":"1"},"timestamp":{"$numberInt":"1"},"type":{"$numberInt":"1"}},"name":"hash_1_timestamp_1_type_1"},{"v":{"$numberInt":"2"},"key":{"hash":{"$numberInt":"1"},"timestamp":{"$numberInt":"1"}},"name":"hash_1_timestamp_1"}],"uuid":"5f94917df5e94965bc2e8003ccbdd643","collectionName":"tabular","type":"collection"}